{
  "linear_regression": {
    "r2": 0.9686228184210441,
    "mae": 1.0576524096729873,
    "rmse": 1.124903048953198
  },
  "random_forest": {
    "r2": 0.7959365157700335,
    "mae": 2.456722222222183,
    "rmse": 2.8687372800223185
  }
}